Tipo de organización comunal;Nombre;Fecha elección;Hora elección;Lugar elección;Comunicación fecha de la elección;Resultado elección;Rol reclamación;Reclamación;Fallo de la reclamación
Organización comunitaria funcional;CLUB DE TAEKWONDO LOS LAGOS;01/23/2025;19:00 HORAS;BODEGA ESTACION, COMUNA DE LOS LAGOS;https://www.muniloslagos.cl/documentos/2025/elecciones/comunicacion/eleccion_2025_1.pdf;https://www.muniloslagos.cl/documentos/2025/elecciones/resultado/resultado_2025_01.pdf;;;
Organización comunitaria funcional;COMITÉ DE AGUA POTABLE RURAL LAS MINAS DE PUNAHUE;01-02-2025;20:00 HORAS;SEDE SOCIAL JJVV PUNAHUE;https://www.muniloslagos.cl/documentos/2025/elecciones/comunicacion/eleccion_2025_2.pdf;;;;
Organización comunitaria funcional;CLUB DEPORTIVO CHANCO;01-02-2025;10:00 A 16:00 HORAS;CLUB DEPORTIVO CHANCO;https://www.muniloslagos.cl/documentos/2025/elecciones/comunicacion/eleccion_2025_3.pdf;https://www.muniloslagos.cl/documentos/2025/elecciones/resultado/resultado_2025_03.pdf;;;
Junta de vecinos;JUNTA DE VECINOS VILLA LOS CIRUELOS;09-02-2025;10:00 A 16:00 HORAS;SEDE VILLA LOS CIRUELOS;https://www.muniloslagos.cl/documentos/2025/elecciones/comunicacion/eleccion_2025_4.pdf;https://www.muniloslagos.cl/documentos/2025/elecciones/resultado/resultado_2025_04.pdf;;;
Organización comunitaria funcional;CLUB DEPORTIVO SAUSALITO;15-02-2025;18:00 A 21:00 HORAS;PARCELA N°13 PANCUL, SEDE VECINAL;https://www.muniloslagos.cl/documentos/2025/elecciones/comunicacion/eleccion_2025_5.pdf;https://www.muniloslagos.cl/documentos/2025/elecciones/resultado/resultado_2025_05.pdf;;;
Organización comunitaria funcional;AGRUPACIÓN DE BENEFICIARIOS Y AMIGOS DEL CENTRO DIURNO DE LA COMUNA DE LOS LAGOS;13-02-2025;15:00 A 17:00 HORAS;CENTRO DIURNO;https://www.muniloslagos.cl/documentos/2025/elecciones/comunicacion/eleccion_2025_6.pdf;https://www.muniloslagos.cl/documentos/2025/elecciones/resultado/resultado_2025_06.pdf;;;
Organización comunitaria funcional;CLUB DEPORTIVO HURACÁN;10-02-2025;15:00 HORAS;SALA REUNIONES ESTADIO MUNICIPAL;https://www.muniloslagos.cl/documentos/2025/elecciones/comunicacion/eleccion_2025_7.pdf;https://www.muniloslagos.cl/documentos/2025/elecciones/resultado/resultado_2025_07.pdf;;;
Organización comunitaria funcional;CLUB DEPORTIVO ATLETICO DE LOS LAGOS;09-02-2025;11:00 A 19:00 HORAS;SEDE SOCIAL CLUB DEPORTIVO ATLETICO;https://www.muniloslagos.cl/documentos/2025/elecciones/comunicacion/eleccion_2025_8.pdf;https://www.muniloslagos.cl/documentos/2025/elecciones/resultado/resultado_2025_08.pdf;;;
Organización comunitaria funcional;COMITÉ DE AGUA POTABLE RURAL LAS MINAS DE PUNAHUE;09-02-2025;09:00 A 14:00 HORAS;SEDE SOCIAL JJVV PUNAHUE;https://www.muniloslagos.cl/documentos/2025/elecciones/comunicacion/eleccion_2025_9.pdf;https://www.muniloslagos.cl/documentos/2025/elecciones/resultado/resultado_2025_09.pdf;;;
Junta de vecinos;JUNTA DE VECINOS VILLA SAN PEDRO;21-02-2025;18:00 A 20:00 HORAS;SEDE VILLA SAN PEDRO VOLCAN NEVADO S/N°;https://www.muniloslagos.cl/documentos/2025/elecciones/comunicacion/eleccion_2025_10.pdf;https://www.muniloslagos.cl/documentos/2025/elecciones/resultado/resultado_2025_10.pdf;;;
Organización comunitaria funcional;CLUB DE PESCA Y CAZA RIO SAN PEDRO;14-02-2025;18:00 A 22:00 HORAS;QUINCHILCA KM 3;https://www.muniloslagos.cl/documentos/2025/elecciones/comunicacion/eleccion_2025_11.pdf;https://www.muniloslagos.cl/documentos/2025/elecciones/resultado/resultado_2025_11.pdf;;;
Organización comunitaria funcional;CONJUNTO FOLCLORICO MAGISTERIO;22-02-2025;18:00 A 22:00 HORAS;CENTRO CULTURAL;https://www.muniloslagos.cl/documentos/2025/elecciones/comunicacion/eleccion_2025_12.pdf;https://www.muniloslagos.cl/documentos/2025/elecciones/resultado/resultado_2025_12.pdf;;;
Organización comunitaria funcional;CLUB DEPORTIVO QUINCHILCA;20-02-2025;18:00 A 20:00 HORAS;SALA REUNIONES ESTADIO MUNICIPAL;https://www.muniloslagos.cl/documentos/2025/elecciones/comunicacion/eleccion_2025_13.pdf;https://www.muniloslagos.cl/documentos/2025/elecciones/resultado/resultado_2025_13.pdf;;;
Organización comunitaria funcional;CLUB DEPORTIVO COLLILELFU;22-02-2025;15:30 A 21:30 HORAS;GIMNASIO LICEO ALBERTO BLEST GANA;https://www.muniloslagos.cl/documentos/2025/elecciones/comunicacion/eleccion_2025_14.pdf;https://www.muniloslagos.cl/documentos/2025/elecciones/resultado/resultado_2025_14.pdf;;;
Organización comunitaria funcional;CLUB DEPORTIVO RENCA FUTBOL CLUB LOS LAGOS;27-02-2024;19:OO HORAS;CALLE RIO VALDIVIA N° 764, VILLA LOS RIOS;https://www.muniloslagos.cl/documentos/2025/elecciones/comunicacion/eleccion_2025_15.pdf;https://www.muniloslagos.cl/documentos/2025/elecciones/resultado/resultado_2025_15.pdf;;;
Organización comunitaria funcional;CLUB DEPORTIVO CONDOR;28-02-2025;12:00 A 20:00 HORAS;SEDE CLUB DEPORTIVO CONDOR;https://www.muniloslagos.cl/documentos/2025/elecciones/comunicacion/eleccion_2025_16.pdf;https://www.muniloslagos.cl/documentos/2025/elecciones/resultado/resultado_2025_16.pdf;;;
Junta de vecinos;JUNTA DE VECINOS PIEDRAS MORAS DEL VERGEL;27-02-2025;15:00 A 20:00 HORAS;SEDE PIEDRAS MORAS;https://www.muniloslagos.cl/documentos/2025/elecciones/comunicacion/eleccion_2025_17.pdf;https://www.muniloslagos.cl/documentos/2025/elecciones/resultado/resultado_2025_17.pdf;;;
Organización comunitaria funcional;ASOCIACION DE FUTBOL RURAL COMUNA DE LOS LAGOS;22-02-2025;19:00 A 22:00 HORAS;ESTADIO MUNICIPAL;https://www.muniloslagos.cl/documentos/2025/elecciones/comunicacion/eleccion_2025_18.pdf;https://www.muniloslagos.cl/documentos/2025/elecciones/resultado/resultado_2025_18.pdf;;;
Junta de vecinos;JUNTA DE VECINOS LAS MINAS DE PUNAHUE;02-03-2025;09:00 A 18:00 HORAS;SEDE SOCIAL PUNAHUE;https://www.muniloslagos.cl/documentos/2025/elecciones/comunicacion/eleccion_2025_19.pdf;https://www.muniloslagos.cl/documentos/2025/elecciones/resultado/resultado_2025_19.pdf;;;
Organización comunitaria funcional;ANTILHUE RED SOLIDARIA;01-03-2025;14:00 HORAS;SEDE COMUNITARIA SECTOR ANTILHUE, COMUNA DE LOS LAGOS;https://www.muniloslagos.cl/documentos/2025/elecciones/comunicacion/eleccion_2025_20.pdf;https://www.muniloslagos.cl/documentos/2025/elecciones/resultado/resultado_2025_20.pdf;;;
Junta de vecinos;JUNTA DE VECINOS PANCUL;08-03-2025;10:00 A 18:00 HORAS;SEDE COMUNITARIA SECTOR PANCUL;https://www.muniloslagos.cl/documentos/2025/elecciones/comunicacion/eleccion_2025_21.pdf;https://www.muniloslagos.cl/documentos/2025/elecciones/resultado/resultado_2025_21.pdf;;;
Organización comunitaria funcional;CLUB DEPORTIVO CHANCO;09-03-2025;08:30 A 14:00 HORAS;SEDE JUNTA DE VECINOS CHANCO;https://www.muniloslagos.cl/documentos/2025/elecciones/comunicacion/eleccion_2025_22.pdf;;;;
Organización comunitaria funcional;COMITÉ DE AGUA POTABLE RURAL PANCUL;15-03-2025;10:00 A 18:00 HORAS;SEDE JUNTA DE VECINOS PANCUL;https://www.muniloslagos.cl/documentos/2025/elecciones/comunicacion/eleccion_2025_23.pdf;https://www.muniloslagos.cl/documentos/2025/elecciones/resultado/resultado_2025_23.pdf;;;
Organización comunitaria funcional;AGRUPACIÓN DEPORTIVA DE ÁRBITROS DE LA COMUNA DE LOS LAGOS;06-03-2025;14:00 A 21:00 HORAS;SALA MULTIUSO ESTADIO MUNICIPAL DE LOS LAGOS;https://www.muniloslagos.cl/documentos/2025/elecciones/comunicacion/eleccion_2025_24.pdf;;;;
Junta de vecinos;JUNTA DE VECINOS VILLA LOS AROMOS;22-03-2025;14:00 HORAS;SEDE VILLA LOS AROMOS;https://www.muniloslagos.cl/documentos/2025/elecciones/comunicacion/eleccion_2025_25.pdf;https://www.muniloslagos.cl/documentos/2025/elecciones/resultado/resultado_2025_25.pdf;;;
Junta de vecinos;JUNTA DE VECINOS LA VICTORIA;14-03-2025;16:00 A 20:00 HORAS;SEDE JUNTA DE VECINOS LA VICTORIA;https://www.muniloslagos.cl/documentos/2025/elecciones/comunicacion/eleccion_2025_26.pdf;https://www.muniloslagos.cl/documentos/2025/elecciones/resultado/resultado_2025_26.pdf;;;
Organización comunitaria funcional;CLUB DEPORTIVO INDEPENDIENTE DE ANTILHUE.;15-03-2025;14:00 HORAS;SEDE CLUB INDEPENDIENTE DE ANTILHUE;https://www.muniloslagos.cl/documentos/2025/elecciones/comunicacion/eleccion_2025_27.pdf;https://www.muniloslagos.cl/documentos/2025/elecciones/resultado/resultado_2025_27.pdf;;;
Organización comunitaria funcional;ESCUELA DE FÚTBOL LOS LAGOS;25-03-2025;17:00 A 21:00 HORAS;SALA DE REUNIONES ESTADIO SAMUEL VALK;https://www.muniloslagos.cl/documentos/2025/elecciones/comunicacion/eleccion_2025_28.pdf;https://www.muniloslagos.cl/documentos/2025/elecciones/resultado/resultado_2025_28.pdf;;;
Organización comunitaria funcional;GRUPO ADULTO MAYOR DE CHANCO.;26-03-2025;15:00 HORAS;QUINCHO CHANCO S/N°;https://www.muniloslagos.cl/documentos/2025/elecciones/comunicacion/eleccion_2025_29.pdf;https://www.muniloslagos.cl/documentos/2025/elecciones/resultado/resultado_2025_29.pdf;;;
Organización comunitaria funcional;AGRUPACIÓN DE PROFESORES PENSIONADOS VIDA NUEVA;28-03-2025;16:00 HORAS;VOLCAN SAN PEDRO N° 145;https://www.muniloslagos.cl/documentos/2025/elecciones/comunicacion/eleccion_2025_30.pdf;;;;
Organización comunitaria funcional;AGRUPACIÓN POR EL DESARROLLO SOCIAL CULTURAL Y DEPORTIVO SECTOR ESTACION AQUELARRE;26-03-2025;18:00 A 20:00 HORAS;CALLE RIŃIHUE N° 46;https://www.muniloslagos.cl/documentos/2025/elecciones/comunicacion/eleccion_2025_31.pdf;https://www.muniloslagos.cl/documentos/2025/elecciones/resultado/resultado_2025_31.pdf;;;
Organización comunitaria funcional;COMITE DE VIVIENDA VILLA ALEGRIA.;28-03-2025;17:00 A 22:00 HORAS;SALON AUDITORIUM;https://www.muniloslagos.cl/documentos/2025/elecciones/comunicacion/eleccion_2025_32.pdf;https://www.muniloslagos.cl/documentos/2025/elecciones/resultado/resultado_2025_32.pdf;;;
Organización comunitaria funcional;COMITÉ DE VIVIENDA POR UN VIVIR MEJOR.;29-03-2025;13:00 HORAS;SEDE JUNTA DE VECINOS VILLA SAN PEDRO;https://www.muniloslagos.cl/documentos/2025/elecciones/comunicacion/eleccion_2025_33.pdf;https://www.muniloslagos.cl/documentos/2025/elecciones/resultado/resultado_2025_33.pdf;;;
Organización comunitaria funcional;COMITÉ DE AGUA POTABLE RURAL COLICO SUR.;06-04-2025;10:00 A 16:00 HORAS;QUINCHO RENE MUŃOZ, SECTOR COLLICO KM 835;https://www.muniloslagos.cl/documentos/2025/elecciones/comunicacion/eleccion_2025_34.pdf;https://www.muniloslagos.cl/documentos/2025/elecciones/resultado/resultado_2025_34.pdf;;;
Organización comunitaria funcional;AGRUPACION DE PROFESORES PENSIONADOS VIDA NUEVA;03-04-2025;14:00 A 18:00 HORAS;VILLA SAN PEDRO, VOLCAN NEVADO N° 145;https://www.muniloslagos.cl/documentos/2025/elecciones/comunicacion/eleccion_2025_35.pdf;https://www.muniloslagos.cl/documentos/2025/elecciones/resultado/resultado_2025_35.pdf;;;
Organización comunitaria funcional;CLUB DE ADULTO MAYOR EL REENCUENTRO DE FLOR DEL LAGO;11-04-2025;17:00 A 22:00 HORAS;CENTRO DE SALUD FLOR DEL LAGO;https://www.muniloslagos.cl/documentos/2025/elecciones/comunicacion/eleccion_2025_36.pdf;https://www.muniloslagos.cl/documentos/2025/elecciones/resultado/resultado_2025_36.pdf;;;
Organización comunitaria funcional;AGRUPACIÓN DE ADULTO MAYOR USTARITZ;10-04-2025;14:00 HORAS;SEDE COMUNITARIA USTARITZ;https://www.muniloslagos.cl/documentos/2025/elecciones/comunicacion/eleccion_2025_37.pdf;https://www.muniloslagos.cl/documentos/2025/elecciones/resultado/resultado_2025_37.pdf;;;
Organización comunitaria funcional;CLUB DEPORTIVO FERROVIARIO DE ANTILHUE;12-04-2025;14:00 A 20:00 HORAS;SEDE DEL CLUB DEPORTIVO;https://www.muniloslagos.cl/documentos/2025/elecciones/comunicacion/eleccion_2025_38.pdf;https://www.muniloslagos.cl/documentos/2025/elecciones/resultado/resultado_2025_38.pdf;;;
Junta de vecinos;JUNTA DE VECINOS LAS LAJAS;12-04-2025;12:00 A 20:00 HORAS;SEDE JUNTA DE VECINOS LAS LAJAS;https://www.muniloslagos.cl/documentos/2025/elecciones/comunicacion/eleccion_2025_39.pdf;https://www.muniloslagos.cl/documentos/2025/elecciones/resultado/resultado_2025_39.pdf;;;
Junta de vecinos;JUNTA DE VECINOS CHANCO;13-04-2025;08:30 A 14:00 HORAS;SEDE CHANCO;https://www.muniloslagos.cl/documentos/2025/elecciones/comunicacion/eleccion_2025_40.pdf;https://www.muniloslagos.cl/documentos/2025/elecciones/resultado/resultado_2025_40.pdf;;;
Organización comunitaria funcional;AGRUPACIÓN EMPRENDEDORES SECTOR ESTACIÓN;26-04-2025;09:00 A 14:00 HORAS;FERIA SECTOR ESTACION;https://www.muniloslagos.cl/documentos/2025/elecciones/comunicacion/eleccion_2025_41.pdf;https://www.muniloslagos.cl/documentos/2025/elecciones/resultado/resultado_2025_41.pdf;;;
Organización comunitaria funcional;AGRUPACION FERIA AGRICULTORES HORTOFRUTICOLAS Y PRODUCTOS LOCALES A FINES;22-01-2025;08:00 A 16:00 HORAS;FERIA HORTOFRUTICOLA;https://www.muniloslagos.cl/documentos/2025/elecciones/comunicacion/eleccion_2025_42.pdf;https://www.muniloslagos.cl/documentos/2025/elecciones/resultado/resultado_2025_42.pdf;;;
Organización comunitaria funcional;AGRUPACION DE ADULTO MAYOR EL SALTO;22-04-2025;14:00 A 16:00 HORAS;POSTA EL SALTO;https://www.muniloslagos.cl/documentos/2025/elecciones/comunicacion/eleccion_2025_43.pdf;https://www.muniloslagos.cl/documentos/2025/elecciones/resultado/resultado_2025_43.pdf;;;
Junta de vecinos;JUNTA DE VECINOS N°9 R. SANTA CARLA;30-04-2025;12:00 HORAS;SEDE SOCIAL SANTA CARLA;https://www.muniloslagos.cl/documentos/2025/elecciones/comunicacion/eleccion_2025_44.pdf;https://www.muniloslagos.cl/documentos/2025/elecciones/resultado/resultado_2025_44.pdf;;;
Organización comunitaria funcional;CLUB DEPORTIVO REAL GUZMAN;04-05-2025;13:00 HORAS;SEDE SECTOR LOS ALAMOS;https://www.muniloslagos.cl/documentos/2025/elecciones/comunicacion/eleccion_2025_45.pdf;https://www.muniloslagos.cl/documentos/2025/elecciones/resultado/resultado_2025_45.pdf;;;
Organización comunitaria funcional;COMITÉ DE SALUD QUILQUILCO;06-05-2025;16:00 HORAS;POSTA QUILQUILCO;https://www.muniloslagos.cl/documentos/2025/elecciones/comunicacion/eleccion_2025_46.pdf;https://www.muniloslagos.cl/documentos/2025/elecciones/resultado/resultado_2025_46.pdf;;;
Organización comunitaria funcional;CLUB DEPORTIVO PUNAHUE;11-05-2025;11:00 HORAS;SEDE PUNAHUE;https://www.muniloslagos.cl/documentos/2025/elecciones/comunicacion/eleccion_2025_47.pdf;https://www.muniloslagos.cl/documentos/2025/elecciones/resultado/resultado_2025_47.pdf;;;
Organización comunitaria funcional;GRUPO DE ADULTO MAYOR LIBRO DE SABIDURIA DE ANTILHUE;13-05-2025;14:00 HORAS;SEDE AGRUPACION;https://www.muniloslagos.cl/documentos/2025/elecciones/comunicacion/eleccion_2025_48.pdf;https://www.muniloslagos.cl/documentos/2025/elecciones/resultado/resultado_2025_48.pdf;;;
Organización comunitaria funcional;CLUB DEPORTIVO INDEPENDIENTE PANCUL;10-05-2025;18:00 HORAS;SEDE COMUNITARIA PANCUL;https://www.muniloslagos.cl/documentos/2025/elecciones/comunicacion/eleccion_2025_49.pdf;https://www.muniloslagos.cl/documentos/2025/elecciones/resultado/resultado_2025_49.pdf;;;
Organización comunitaria funcional;AGRUPACION DE ADULTO MAYOR Y ADULTO MAYOR LA ESTACION DEL RECUERDO;12-05-2025;15:00 HORAS;SEDE ESTACION;https://www.muniloslagos.cl/documentos/2025/elecciones/comunicacion/eleccion_2025_50.pdf;https://www.muniloslagos.cl/documentos/2025/elecciones/resultado/resultado_2025_50.pdf;;;
Organización comunitaria funcional;CONCEJO VECINAL DE DESARROLLO VECINOS DEL HUMEDAL COLLILELFU;15-05-2025;14:00 HORAS;SEDE JJ.VV. COLLILELFU;https://www.muniloslagos.cl/documentos/2025/elecciones/comunicacion/eleccion_2025_51.pdf;https://www.muniloslagos.cl/documentos/2025/elecciones/resultado/resultado_2025_51.pdf;;;
Organización comunitaria funcional;CLUB DEPORTIVO LOS CIRUELOS DE LA RIVERA DEL SAN PEDRO;17-05-2025;19:00 HORAS;SEDE SOCIAL CIRUELOS;https://www.muniloslagos.cl/documentos/2025/elecciones/comunicacion/eleccion_2025_52.pdf;https://www.muniloslagos.cl/documentos/2025/elecciones/resultado/resultado_2025_52.pdf;;;
Organización comunitaria funcional;AGRUPACION DE PADRES, FAMILIARES Y AMIGOS DE PERSONAS CON TEA COMUNA DE LOS LAGOS;23-05-2025;17:00 HORAS;SEDE SOCIAL SECTOR HOSPITAL;https://www.muniloslagos.cl/documentos/2025/elecciones/comunicacion/eleccion_2025_53.pdf;https://www.muniloslagos.cl/documentos/2025/elecciones/resultado/resultado_2025_53.pdf;;;
Organización comunitaria funcional;COMITÉ DE MEJORAMIENTO Y BIENESTAR DE VIVIENDA LOS LAGOS;22-05-2025;18:00 HORAS;SEDE VILLA LOS ALCALDES;https://www.muniloslagos.cl/documentos/2025/elecciones/comunicacion/eleccion_2025_54.pdf;https://www.muniloslagos.cl/documentos/2025/elecciones/resultado/resultado_2025_54.pdf;;;
Junta de vecinos;JUNTA DE VECINOS RIŃIHUE;25-05-2025;09:00 HORAS;SEDE COMUNITARIA RIŃIHUE;https://www.muniloslagos.cl/documentos/2025/elecciones/comunicacion/eleccion_2025_55.pdf;https://www.muniloslagos.cl/documentos/2025/elecciones/resultado/resultado_2025_55.pdf;;;
Organización comunitaria funcional;CLUB DEPORTIVO ALIANZA DE QUILQUILCO;25-05-2025;17:00 HORAS;SEDE CLUB;https://www.muniloslagos.cl/documentos/2025/elecciones/comunicacion/eleccion_2025_56.pdf;https://www.muniloslagos.cl/documentos/2025/elecciones/resultado/resultado_2025_56.pdf;;;
Organización comunitaria funcional;RAICES ANCESTRALES DE ENCO;24-05-2025;10:00 HORAS;SEDE SOCIAL DE AGRUPACION;https://www.muniloslagos.cl/documentos/2025/elecciones/comunicacion/eleccion_2025_57.pdf;https://www.muniloslagos.cl/documentos/2025/elecciones/resultado/resultado_2025_57.pdf;;;
Organización comunitaria funcional;CLUB DEPORTIVO FERROVIARIO DE ANTILHUE;24-05-2025;14:00 A 20:00 HORAS;SEDE CLUB DEPORTIVO;https://www.muniloslagos.cl/documentos/2025/elecciones/comunicacion/eleccion_2025_58.pdf;https://www.muniloslagos.cl/documentos/2025/elecciones/resultado/resultado_2025_58.pdf;;;
Organización comunitaria funcional;CLUB DEPORTIVO FOLILCO;25-05-2025;12:00 A 18:00 HORAS;SEDE SOCIAL CLUB DEPORTIVO FOLILCO;https://www.muniloslagos.cl/documentos/2025/elecciones/comunicacion/eleccion_2025_59.pdf;https://www.muniloslagos.cl/documentos/2025/elecciones/resultado/resultado_2025_59.pdf;;;
Organización comunitaria funcional;COMITÉ DE VIVIENDA RIVERA DE ANTILHUE;25-05-2025;16:00 A 18:00 HORAS;SEDE SOCIAL JJVV ANTILHUE;https://www.muniloslagos.cl/documentos/2025/elecciones/comunicacion/eleccion_2025_60.pdf;https://www.muniloslagos.cl/documentos/2025/elecciones/resultado/resultado_2025_60.pdf;;;
Organización comunitaria funcional;COMITÉ DE VIVIENDA JUNTOS POR LA CASA PROPIA;20-05-2025;17:30 HORAS;SALON AUDITORIO;https://www.muniloslagos.cl/documentos/2025/elecciones/comunicacion/eleccion_2025_61.pdf;https://www.muniloslagos.cl/documentos/2025/elecciones/resultado/resultado_2025_61.pdf;;;
Organización comunitaria funcional;COMITÉ DE AGUA POTABLE RURAL SAN PEDRO;31-05-2025;16:00 HORAS;SEDE SAN PEDRO;https://www.muniloslagos.cl/documentos/2025/elecciones/comunicacion/eleccion_2025_62.pdf;https://www.muniloslagos.cl/documentos/2025/elecciones/resultado/resultado_2025_62.pdf;;;
Junta de vecinos;JUNTA DE VECINOS VILLA LOS BAJOS LOS BOLDOS;31-05-2025;10:00 A 15:00 HORAS;SEDE VILLA LOS BAJOS;https://www.muniloslagos.cl/documentos/2025/elecciones/comunicacion/eleccion_2025_63.pdf;https://www.muniloslagos.cl/documentos/2025/elecciones/resultado/resultado_2025_63.pdf;;;
Organización comunitaria funcional;CLUB DEPORTIVO EL TREBOL;31-05-2025;10:00 A 14:00 HORAS;SEDE SOCIAL CLUB DEPORTIVO EL TREBOL;https://www.muniloslagos.cl/documentos/2025/elecciones/comunicacion/eleccion_2025_64.pdf;https://www.muniloslagos.cl/documentos/2025/elecciones/resultado/resultado_2025_64.pdf;;;
Organización comunitaria funcional;COMITÉ DE DESARROLLO Y EVENTOS ANTILHUE;07-06-2025;18:00 HORAS;AVENIDA OHIGGINS N° 324, ANTILHUE;https://www.muniloslagos.cl/documentos/2025/elecciones/comunicacion/eleccion_2025_65.pdf;https://www.muniloslagos.cl/documentos/2025/elecciones/resultado/resultado_2025_65.pdf;;;
Organización comunitaria funcional;COMITÉ VILLA EL SOL DE PUNAHUE;14-06-2025;12:00 HORAS;SEDE PUNAHUE;https://www.muniloslagos.cl/documentos/2025/elecciones/comunicacion/eleccion_2025_66.pdf;https://www.muniloslagos.cl/documentos/2025/elecciones/resultado/resultado_2025_66.pdf;;;
Organización comunitaria funcional;CLUB TRAIL RUNNING LOS LAGOS;14-06-2025;16:00 HORAS;SALON ESTADIO MUNICIPAL;https://www.muniloslagos.cl/documentos/2025/elecciones/comunicacion/eleccion_2025_67.pdf;https://www.muniloslagos.cl/documentos/2025/elecciones/resultado/resultado_2025_67.pdf;;;
Organización comunitaria funcional;AMIGAS DEL TELAR;09-06-2025;12:00 HORAS;SALON DIDECO;https://www.muniloslagos.cl/documentos/2025/elecciones/comunicacion/eleccion_2025_68.pdf;https://www.muniloslagos.cl/documentos/2025/elecciones/resultado/resultado_2025_68.pdf;;;
Organización comunitaria funcional;AGRUPACION DE EX MINERO DE ANTILHUE;06/15/2025;10:00:00 HORAS;JJVV ANTILHUE;https://www.muniloslagos.cl/documentos/2025/elecciones/comunicacion/eleccion_2025_69.pdf;https://www.muniloslagos.cl/documentos/2025/elecciones/resultado/resultado_2025_69.pdf;;;
Organización comunitaria funcional;COMITÉ DE ADELANTO FLOR DEL LAGO;06-08-2025;11:00:00 HORAS;CASONA CORPORACION RIŃIHUE;https://www.muniloslagos.cl/documentos/2025/elecciones/comunicacion/eleccion_2025_70.pdf;https://www.muniloslagos.cl/documentos/2025/elecciones/resultado/resultado_2025_70.pdf;;;
Organización comunitaria funcional;COMITÉ DE ADELNTO LA PUNTILLA;06-08-2025;14:00:00 HORAS;FUNDO TRALCAN S/N;https://www.muniloslagos.cl/documentos/2025/elecciones/comunicacion/eleccion_2025_71.pdf;https://www.muniloslagos.cl/documentos/2025/elecciones/resultado/resultado_2025_71.pdf;;;
Organización comunitaria funcional;COMITÉ DE ADELANTO LAS MERCEDES;06-08-2025;16:00:00 HORAS;FUNDO LAS MERCEDES-RIŃIHUE;https://www.muniloslagos.cl/documentos/2025/elecciones/comunicacion/eleccion_2025_72.pdf;https://www.muniloslagos.cl/documentos/2025/elecciones/resultado/resultado_2025_72.pdf;;;
Junta de vecinos;JUNTA DE VECINOS USTARITZ;06/14/2025;12:00:00 HORAS;SEDE USTARITZ;https://www.muniloslagos.cl/documentos/2025/elecciones/comunicacion/eleccion_2025_73.pdf;https://www.muniloslagos.cl/documentos/2025/elecciones/resultado/resultado_2025_73.pdf;;;
Organización comunitaria funcional;COMITÉ DE RIEGO LA LUMA;06-22-2025;10:00:00 HORAS;SEDE COMUNITARIA LA LUMA;https://www.muniloslagos.cl/documentos/2025/elecciones/comunicacion/eleccion_2025_74.pdf;https://www.muniloslagos.cl/documentos/2025/elecciones/resultado/resultado_2025_74.pdf;;;
Organización comunitaria funcional;COMITÉ DE AGRICULTORES EL SERRUCHO;13-06-2025;15:00 HORAS;SECTOR EL SERRUCHO;https://www.muniloslagos.cl/documentos/2025/elecciones/comunicacion/eleccion_2025_75.pdf;https://www.muniloslagos.cl/documentos/2025/elecciones/resultado/resultado_2025_75.pdf;;;
Junta de vecinos;JUNTA DE VECINOS VILLA LOS ALCALDES;22-06-2025;10:00 HORAS;SEDE JJ VV;https://www.muniloslagos.cl/documentos/2025/elecciones/comunicacion/eleccion_2025_76.pdf;https://www.muniloslagos.cl/documentos/2025/elecciones/resultado/resultado_2025_76.pdf;;;
Organización comunitaria funcional;CLUB DEPORTIVO MORTAL BIKE;28-06-2025;14:00 HORAS;RAMON VALVERDE;https://www.muniloslagos.cl/documentos/2025/elecciones/comunicacion/eleccion_2025_77.pdf;https://www.muniloslagos.cl/documentos/2025/elecciones/resultado/resultado_2025_77.pdf;;;
Organización comunitaria funcional;COMITE DE VIVIENDA TODOS POR UN SUEŃO EL SALTO;28-06-2025;09:00 HORAS;SEDE JJVV EL SALTO;https://www.muniloslagos.cl/documentos/2025/elecciones/comunicacion/eleccion_2025_78.pdf;https://www.muniloslagos.cl/documentos/2025/elecciones/resultado/resultado_2025_78.pdf;;;
Organización comunitaria funcional;VOCES DEL TRALCAN;01-07-2025;15:00 HORAS;CASONA CULTURAL CORPORACION RIŃIHUE;https://www.muniloslagos.cl/documentos/2025/elecciones/comunicacion/eleccion_2025_79.pdf;https://www.muniloslagos.cl/documentos/2025/elecciones/resultado/resultado_2025_79.pdf;;;
Junta de vecinos;JUNTA DE VECINOS CONDUCTOR NUŃEZ KM 4;28-06-2025;14:00 HORAS;ESCUELA LOS MAITENES;https://www.muniloslagos.cl/documentos/2025/elecciones/comunicacion/eleccion_2025_80.pdf;https://www.muniloslagos.cl/documentos/2025/elecciones/resultado/resultado_2025_80.pdf;;;
Organización comunitaria funcional;CLUB DE RODEO LOS LAGOS;27-06-2025;19:00 A 22:00 HORAS;SEDE SOCIAL RODEO CHILENO LOS LAGOS;https://www.muniloslagos.cl/documentos/2025/elecciones/comunicacion/eleccion_2025_81.pdf;https://www.muniloslagos.cl/documentos/2025/elecciones/resultado/resultado_2025_81.pdf;;;
Organización comunitaria funcional;COMITE DE VIVIENDA CONSTRUYENDO UN FUTURO;18-06-2025;13:40 HORAS;SEDE VILLA LOS RIOS;https://www.muniloslagos.cl/documentos/2025/elecciones/comunicacion/eleccion_2025_82.pdf;https://www.muniloslagos.cl/documentos/2025/elecciones/resultado/resultado_2025_82.pdf;;;
Junta de vecinos;JUNTA DE VECINOS PIEDRAS MORAS;13-07-2025;11:00 HORAS;SEDE COMUNITARIA;https://www.muniloslagos.cl/documentos/2025/elecciones/comunicacion/eleccion_2025_83.pdf;https://www.muniloslagos.cl/documentos/2025/elecciones/resultado/resultado_2025_83.pdf;;;
Organización comunitaria funcional;CENTRO DE PADRES Y APODERADOS ESCUELA NUEVA COLLILELFU;15-07-2025;08:00 HORAS;ESCUEA NUEVA COLLILELFU;https://www.muniloslagos.cl/documentos/2025/elecciones/comunicacion/eleccion_2025_84.pdf;https://www.muniloslagos.cl/documentos/2025/elecciones/resultado/resultado_2025_84.pdf;;;
Organización comunitaria funcional;COMITÉ VILLA ROTONDA;03-07-2025;12:00 HORAS;SEDE SECTOR HOSPITAL;https://www.muniloslagos.cl/documentos/2025/elecciones/comunicacion/eleccion_2025_85.pdf;https://www.muniloslagos.cl/documentos/2025/elecciones/resultado/resultado_2025_85.pdf;;;
Organización comunitaria funcional;CENTRO DE PADRES Y APODERADOS ESCUELA ENRIQUE HEVIA LABBE;02-07-2025;14:00 HORAS;ESCUELA ENRIQUE HEVIA LABBE;https://www.muniloslagos.cl/documentos/2025/elecciones/comunicacion/eleccion_2025_86.pdf;https://www.muniloslagos.cl/documentos/2025/elecciones/resultado/resultado_2025_86a.pdf;;;
Organización comunitaria funcional;ARAŃITAS LABORIOSAS;09-07-2025;10:00 HORAS;SALON DIDECO;https://www.muniloslagos.cl/documentos/2025/elecciones/comunicacion/eleccion_2025_87.pdf;https://www.muniloslagos.cl/documentos/2025/elecciones/resultado/resultado_2025_87.pdf;;;
Junta de vecinos;JUNTA DE VECINOS N°1 ANTILHUE;05-07-2025;12:00 HORAS;SEDE JUNTA DE VECIOS ANTILHUE;https://www.muniloslagos.cl/documentos/2025/elecciones/comunicacion/eleccion_2025_88.pdf;;;;
Organización comunitaria funcional;CLUB DEPORTIVO UNIÓN JUVENIL PELLINADA ALTA;06-07-2025;12:00 HORAS;SEDE SOCIAL JJ VV PELLINADA ALTA;https://www.muniloslagos.cl/documentos/2025/elecciones/comunicacion/eleccion_2025_89.pdf;https://www.muniloslagos.cl/documentos/2025/elecciones/resultado/resultado_2025_89.pdf;;;
Organización comunitaria funcional;COMITÉ AGUA POTABLE RURAL COLO-COLO;12-07-2025;13:00 HORAS;SEDE SECTOR COLO COLO;https://www.muniloslagos.cl/documentos/2025/elecciones/comunicacion/eleccion_2025_90.pdf;https://www.muniloslagos.cl/documentos/2025/elecciones/resultado/resultado_2025_90.pdf;;;
Junta de vecinos;JUNTA DE VECINOS EL TREBOL;06-07-2025;09:00 HORAS;SEDE JJ VV EL TREBOL;https://www.muniloslagos.cl/documentos/2025/elecciones/comunicacion/eleccion_2025_91.pdf;https://www.muniloslagos.cl/documentos/2025/elecciones/resultado/resultado_2025_91.pdf;;;
Junta de vecinos;JUNTA DE VECINOS N°3 LIPINGUE;07-12-2025;12:00:00 HORAS;SEDE;https://www.muniloslagos.cl/documentos/2025/elecciones/comunicacion/eleccion_2025_92.pdf;https://www.muniloslagos.cl/documentos/2025/elecciones/resultado/resultado_2025_92.pdf;;;
Organización comunitaria funcional;CLUB DE DEPORTES ADAPTADOS LOS LAGOS;23-07-2025;16:30:00 HORAS;SALON EMILIO OCARES;https://www.muniloslagos.cl/documentos/2025/elecciones/comunicacion/eleccion_2025_93.pdf;https://www.muniloslagos.cl/documentos/2025/elecciones/resultado/resultado_2025_93.pdf;;;
Organización comunitaria funcional;GRUPO DE TEATRO ITINERANTE MUJERES EN ESCENA;26-07-2025;15:30:00 HORAS;SEDE VILLA LOS CIRUELOS;https://www.muniloslagos.cl/documentos/2025/elecciones/comunicacion/eleccion_2025_94.pdf;https://www.muniloslagos.cl/documentos/2025/elecciones/resultado/resultado_2025_94.pdf;;;
Organización comunitaria funcional;UNION COMUNAL DE CLUBES DEPORTIVOS LOS LAGOS;21-07-2025;19:00:00 HORAS;SALA REUNION OMIL;https://www.muniloslagos.cl/documentos/2025/elecciones/comunicacion/eleccion_2025_95.pdf;https://www.muniloslagos.cl/documentos/2025/elecciones/resultado/resultado_2025_95.pdf;;;
Organización comunitaria funcional;COMITÉ DE BENEFICIARIOS CECOSF FOLILCO;29-07-2025;14:00:00 HORAS;SEDE CECEOSF;https://www.muniloslagos.cl/documentos/2025/elecciones/comunicacion/eleccion_2025_96.pdf;https://www.muniloslagos.cl/documentos/2025/elecciones/resultado/resultado_2025_96.pdf;;;
Junta de vecinos;JUNTA DE VECINOS FLOR DEL LAGO;08-03-2025;9:00:00 HORAS;POSTA RURAL FLOR DEL LAGO;https://www.muniloslagos.cl/documentos/2025/elecciones/comunicacion/eleccion_2025_97.pdf;https://www.muniloslagos.cl/documentos/2025/elecciones/resultado/resultado_2025_97.pdf;36-2025;https://transparencia.muniloslagos.cl/documentos/2025/8/244/Resolucion_TER_Los_Rios_ROL_36-2025_.pdf;https://www.muniloslagos.cl/documentos/2025/elecciones/resultado/SENTENCIA97.pdf
Organización comunitaria funcional;CLUB DE RODEO LOS LAGOS;08-08-2025;19:00 HORAS;SEDE SOCIAL CLUB DE RODEO CHILENO LOS LAGOS;https://www.muniloslagos.cl/documentos/2025/elecciones/comunicacion/eleccion_2025_98.pdf;https://www.muniloslagos.cl/documentos/2025/elecciones/resultado/resultado_2025_98.pdf;;;
Organización comunitaria funcional;COMITÉ DE SEGURIDAD CIUDADANA VILLA LOS RIOS;16-08-2025;16:00 HORAS;SEDE JJVV LOS RIOS;https://www.muniloslagos.cl/documentos/2025/elecciones/comunicacion/eleccion_2025_99.pdf;https://www.muniloslagos.cl/documentos/2025/elecciones/resultado/resultado_2025_99.pdf;;;
Organización comunitaria funcional;AGUA POTABLE RURAL CHANCO;30-08-2025;10:00 HORAS;SEDE COMUNITARIA CHANCO;https://www.muniloslagos.cl/documentos/2025/elecciones/comunicacion/eleccion_2025_100.pdf;https://www.muniloslagos.cl/documentos/2025/elecciones/resultado/resultado_2025_100.pdf;44-2025;https://www.muniloslagos.cl/documentos/2025/elecciones/resultado/RESOLUCIÓN_TER_CAUSA_ROL_44-2025.pdf;https://www.muniloslagos.cl/documentos/2025/elecciones/resultado/RESOLUCIÓN_TER_CAUSA_ROL_44-2025.pdf
Junta de vecinos;JUNTA DE VECINOS PELLINADA ALTA;23-08-2025;10:00 HORAS;SEDE COMUNITARIA;https://www.muniloslagos.cl/documentos/2025/elecciones/comunicacion/eleccion_2025_101.pdf;https://www.muniloslagos.cl/documentos/2025/elecciones/resultado/resultado_2025_101.pdf;;;
Junta de vecinos;JUNTA DE VECINOS FOLILCO;23-08-2025;09:00 HORAS;SEDE COMUNITARIA;https://www.muniloslagos.cl/documentos/2025/elecciones/comunicacion/eleccion_2025_102.pdf;https://www.muniloslagos.cl/documentos/2025/elecciones/resultado/resultado_2025_102.pdf;;;
Organización comunitaria funcional;COMITÉ DE AGUA POTABLE EL SALTO;14-09-2025;10:00 HORAS;SEDE APR;https://www.muniloslagos.cl/documentos/2025/elecciones/comunicacion/eleccion_2025_103.pdf;https://www.muniloslagos.cl/documentos/2025/elecciones/resultado/resultado_2025_103.pdf;;;
Organización comunitaria funcional;CENTRO DE PADRES Y APODERADOS ESCUELA ENRIQUE HEVIA LABBE;26-08-2025;10:00 HORAS;ESCUELA ENRIQUE HEVIA LABBE;https://www.muniloslagos.cl/documentos/2025/elecciones/comunicacion/eleccion_2025_104.pdf;https://www.muniloslagos.cl/documentos/2025/elecciones/resultado/resultado_2025_104.pdf;;;
Organización comunitaria funcional;CLUB DE RAYUELA QUINCHILCA;23-08-2025;10:00 HORAS;SEDE RAYUELA;https://www.muniloslagos.cl/documentos/2025/elecciones/comunicacion/eleccion_2025_105.pdf;https://www.muniloslagos.cl/documentos/2025/elecciones/resultado/resultado_2025_105.pdf;;;
Organización comunitaria funcional;CLUB MUSICAL ESMERALDA;23-08-2025;15:00 HORAS;CUARTEL SEGUNDA COMPAŃÍA DE BOMBEROS;https://www.muniloslagos.cl/documentos/2025/elecciones/comunicacion/eleccion_2025_106.pdf;https://www.muniloslagos.cl/documentos/2025/elecciones/resultado/resultado_2025_106.pdf;;;
Organización comunitaria funcional;CENTRO DE PADRES Y APODERADOS ESCUELA NEVADA;03-09-2025;08:30 HORAS;ESCUELA NEVADDA;https://www.muniloslagos.cl/documentos/2025/elecciones/comunicacion/eleccion_2025_107.pdf;https://www.muniloslagos.cl/documentos/2025/elecciones/resultado/resultado_2025_107.pdf;;;
Organización comunitaria funcional;CLUB DEPORTIVO EQUIL;04-09-2025;20:00 HORAS;SECTOR EQUIL;https://www.muniloslagos.cl/documentos/2025/elecciones/comunicacion/eleccion_2025_108.pdf;;;;
Junta de vecinos;JUNTA DE VECINOS N°13 R LAS HUELLAS;06-09-2025;10:00 HORAS;SEDE LAS HUELLAS;https://www.muniloslagos.cl/documentos/2025/elecciones/comunicacion/eleccion_2025_109.pdf;https://www.muniloslagos.cl/documentos/2025/elecciones/resultado/resultado_2025_109.pdf;;;
Organización comunitaria funcional;COMITÉ DE AGUA POTABLE RURAL LIPINGUE;30-08-2025;14:00 HORAS;SEDE COMUNITARIA LIPINGUE;https://www.muniloslagos.cl/documentos/2025/elecciones/comunicacion/eleccion_2025_110.pdf;https://www.muniloslagos.cl/documentos/2025/elecciones/resultado/resultado_2025_110.pdf;;;
Organización comunitaria funcional;CENTRO DE PADRES Y APODERADOS LOS MAITENES;08-09-2025;13:00 HORAS;ESCUELA LOS MAITENES;https://www.muniloslagos.cl/documentos/2025/elecciones/comunicacion/eleccion_2025_111.pdf;https://www.muniloslagos.cl/documentos/2025/elecciones/resultado/resultado_2025_111.pdf;;;
Organización comunitaria funcional;CLUB DEPORTIVO TEMSA;10-09-2025;16:00 HORAS;SALA DE REUNIONES TEMSA;https://www.muniloslagos.cl/documentos/2025/elecciones/comunicacion/eleccion_2025_112.pdf;https://www.muniloslagos.cl/documentos/2025/elecciones/resultado/resultado_2025_112.pdf;;;
Organización comunitaria funcional;COMITÉ DE AGUA POTABLE RURAL QUINCHILCA;06-09-2025;10:00 HORAS;RESTARUANT ENTRE PUENTES;https://www.muniloslagos.cl/documentos/2025/elecciones/comunicacion/eleccion_2025_113.pdf;https://www.muniloslagos.cl/documentos/2025/elecciones/resultado/resultado_2025_113.pdf;;;
Junta de vecinos;JUNTA DE VECINOS N°3 SECTOR HOSPITAL;06-09-2025;16:00 HORAS;SEDE SOCIAL JJ.VV. SECTOR HOSPITAL;https://www.muniloslagos.cl/documentos/2025/elecciones/comunicacion/eleccion_2025_114.pdf;https://www.muniloslagos.cl/documentos/2025/elecciones/resultado/resultado_2025_114.pdf;;;
Organización comunitaria funcional;COMITÉ DE AGUA POTABLE RURAL SANTA MONICA SAN ALFONSO DE PIEDRAS MORAS;14-09-2025;10:30 HORAS;SEDE SANTA MONICA;https://www.muniloslagos.cl/documentos/2025/elecciones/comunicacion/eleccion_2025_115.pdf;https://www.muniloslagos.cl/documentos/2025/elecciones/resultado/resultado_2025_115.pdf;;;
Junta de vecinos;JUNTA DE VECINOS VILLA COLLILELFU;13-09-2025;12:00 HORAS;SEDE COMUNITARIA COLLILELFU;https://www.muniloslagos.cl/documentos/2025/elecciones/comunicacion/eleccion_2025_116.pdf;https://www.muniloslagos.cl/documentos/2025/elecciones/resultado/resultado_2025_116.pdf;;;
Organización comunitaria funcional;AGRUPACION DE PEQUEŃOS AGRICULTORES DE PANCUL;13-09-2025;15:00 HORAS;FERIA SECTOR PANCUL;https://www.muniloslagos.cl/documentos/2025/elecciones/comunicacion/eleccion_2025_117.pdf;https://www.muniloslagos.cl/documentos/2025/elecciones/resultado/resultado_2025_117.pdf;;;
Organización comunitaria funcional;COMITÉ BENEFICIARIOS CECOFS FOLILCO;16-09-2025;14:00 HORAS;SEDE CECOSF;https://www.muniloslagos.cl/documentos/2025/elecciones/comunicacion/eleccion_2025_118.pdf;https://www.muniloslagos.cl/documentos/2025/elecciones/resultado/resultado_2025_118.pdf;;;
Junta de vecinos;JUNTA DE VECINOS LA ROTONDA;13-09-2025;12:00 HORAS;QUINCHO LA BOMBONERA;https://www.muniloslagos.cl/documentos/2025/elecciones/comunicacion/eleccion_2025_119.pdf;https://www.muniloslagos.cl/documentos/2025/elecciones/resultado/resultado_2025_119.pdf;;;
Junta de vecinos;JUNTA DE VECINOS SECTOR PUREY;13-09-2025;17:00 HORAS;RUTA PUREY S/N°;https://www.muniloslagos.cl/documentos/2025/elecciones/comunicacion/eleccion_2025_120.pdf;https://www.muniloslagos.cl/documentos/2025/elecciones/resultado/resultado_2025_120.pdf;;;
Organización comunitaria funcional;COMITÉ DE AGUA POTABLE DOMICILIARIA LA LUMA;05-10-2025;10:00 HORAS;SEDE LA LUMA;https://www.muniloslagos.cl/documentos/2025/elecciones/comunicacion/eleccion_2025_121.pdf;https://www.muniloslagos.cl/documentos/2025/elecciones/resultado/resultado_2025_121.pdf;;;
Organización comunitaria funcional;AGRUPACION DE AMIGOS DE LA BIBLIOTECA DE LOS LAGOS;25-09-2025;09:00 HORAS;BIIBLIOTECA MUNICIPAL 203;https://www.muniloslagos.cl/documentos/2025/elecciones/comunicacion/eleccion_2025_122.pdf;https://www.muniloslagos.cl/documentos/2025/elecciones/resultado/resultado_2025_122.pdf;;;
Organización comunitaria funcional;CENTRO GENERAL DE PADRES Y APODERADOS ESCUELA RURAL FOLILCO;29-09-2025;09:00 HORAS;ESCUELA RURAL FOLILCO;https://www.muniloslagos.cl/documentos/2025/elecciones/comunicacion/eleccion_2025_123.pdf;https://www.muniloslagos.cl/documentos/2025/elecciones/resultado/resultado_2025_123.pdf;;;
Organización comunitaria funcional;COMITÉ DE ADELANTO Y DE AGUA CUMBRES DE MI TIERRA;27-09-2025;15:00 HORAS;PARCELA 5 SECTOR MI TIERRA;https://www.muniloslagos.cl/documentos/2025/elecciones/comunicacion/eleccion_2025_124.pdf;https://www.muniloslagos.cl/documentos/2025/elecciones/resultado/resultado_2025_124.pdf;;;
Organización comunitaria funcional;MUJERES EMPRENDEDORAS SUEŃOS VERDES;29-09-2025;10:00 HORAS;CONDUCTOR NUŃEZ S/N°;https://www.muniloslagos.cl/documentos/2025/elecciones/comunicacion/eleccion_2025_125.pdf;https://www.muniloslagos.cl/documentos/2025/elecciones/resultado/resultado_2025_125.pdf;;;
Organización comunitaria funcional;AGRUPACION DE ADULTO MAYOR EL TREBOL;03-10-2025;10:00 HORAS;SEDE SECTOR EL TREBOL;https://www.muniloslagos.cl/documentos/2025/elecciones/comunicacion/eleccion_2025_126.pdf;https://www.muniloslagos.cl/documentos/2025/elecciones/resultado/resultado_2025_126.pdf;;;
Organización comunitaria funcional;CENTRO GENERAL DE PADRES Y APODERADOS ESCUELA EL SALTO;08-10-2025;14:00 HORAS;ESCUELA EL SALTO;https://www.muniloslagos.cl/documentos/2025/elecciones/comunicacion/eleccion_2025_127.pdf;https://www.muniloslagos.cl/documentos/2025/elecciones/resultado/resultado_2025_127.pdf;;;
Organización comunitaria funcional;CONSEJO DE DESARROLLO LOCAL DE SALUD;10-09-2025;15:00 HORAS;CONCEJO DE DESARROLLO LOCAL DE SALUD;https://www.muniloslagos.cl/documentos/2025/elecciones/comunicacion/eleccion_2025_128.pdf;https://www.muniloslagos.cl/documentos/2025/elecciones/resultado/resultado_2025_128.pdf;;;
Organización comunitaria funcional;COMITÉ DE AGUA RURAL SANTA CARLA;11-10-2025;17:30 HORAS;COMITÉ DE AGUA RURAL SANTA CARLA;https://www.muniloslagos.cl/documentos/2025/elecciones/comunicacion/eleccion_2025_129.pdf;https://www.muniloslagos.cl/documentos/2025/elecciones/resultado/resultado_2025_129.pdf;;;
Junta de vecinos;JUNTA DE VECINOS VILLA COLLILELFU;11-10-2025;12:00 HORAS;SEDE COMUNITARIA COLLILELFU;https://www.muniloslagos.cl/documentos/2025/elecciones/comunicacion/eleccion_2025_130.pdf;https://www.muniloslagos.cl/documentos/2025/elecciones/resultado/resultado_2025_130.pdf;;;
Organización comunitaria funcional;COMITÉ DE AGUA POTABLE RURAL LLASCAHUE;12-10-2025;14:00 HORAS;SEDE SECTOR LLASCAHUE;https://www.muniloslagos.cl/documentos/2025/elecciones/comunicacion/eleccion_2025_131.pdf;https://www.muniloslagos.cl/documentos/2025/elecciones/resultado/resultado_2025_131.pdf;;;
Organización comunitaria funcional;CLUB ENDURO SIN MIEDO LOS LAGOS;19-10-2025;17:30 HORAS;FUNDO SANTA ANA;https://www.muniloslagos.cl/documentos/2025/elecciones/comunicacion/eleccion_2025_132.pdf;https://www.muniloslagos.cl/documentos/2025/elecciones/resultado/resultado_2025_132.pdf;;;
Organización comunitaria funcional;CENTRO GENERAL DE PADRES Y APODERADOS ESCUELA ENRIQUE HEVIA LABBE;20-10-2025;14:00 HORAS;ESCUELA ENRIQUE HEVIA LABBE;https://www.muniloslagos.cl/documentos/2025/elecciones/comunicacion/eleccion_2025_133.pdf;https://www.muniloslagos.cl/documentos/2025/elecciones/resultado/resultado_2025_133.pdf;;;
Organización comunitaria funcional;COMITÉ DE SEGURIDAD CIUDADANA VILLA LOS RIOS;25-10-2025;16:00 HORAS;SEDE JUNTA DE VECINOS VILLA LOS RIOS;https://www.muniloslagos.cl/documentos/2025/elecciones/comunicacion/eleccion_2025_134.pdf;https://www.muniloslagos.cl/documentos/2025/elecciones/resultado/resultado_2025_134.pdf;;;
Organización comunitaria funcional;COMITÉ DE ADELANTO LOMAS FLOR DEL LAGO;01-11-2025;16:00 HORAS;CASA SERGIO CASTILLO;https://www.muniloslagos.cl/documentos/2025/elecciones/comunicacion/eleccion_2025_135.pdf;https://www.muniloslagos.cl/documentos/2025/elecciones/resultado/resultado_2025_135.pdf;;;
Organización comunitaria funcional;COMITE DE VIVIENDA ALTOS DEL SAN PEDRO;25-10-2025;10:00 HORAS;SEDE CONDOR;https://www.muniloslagos.cl/documentos/2025/elecciones/comunicacion/eleccion_2025_136.pdf;https://www.muniloslagos.cl/documentos/2025/elecciones/resultado/resultado_2025_136.pdf;;;
Organización comunitaria funcional;CENTRO GENERAL DE PADRES Y APODERADOS JARDIN INFANTIL PASITOS DEL FUTURO;29-10-2025;15:00 HORAS;JARDIN PASITOS DEL FUTURO;https://www.muniloslagos.cl/documentos/2025/elecciones/comunicacion/eleccion_2025_137.pdf;https://www.muniloslagos.cl/documentos/2025/elecciones/resultado/resultado_2025_137.pdf;;;
Organización comunitaria funcional;GRUPO DE TEATRO ITINERANTE MUJERES EN ESCENA;27-10-2025;19:00 HORAS;SEDE VILLA LOS CIRUELOS;https://www.muniloslagos.cl/documentos/2025/elecciones/comunicacion/eleccion_2025_138.pdf;https://www.muniloslagos.cl/documentos/2025/elecciones/resultado/resultado_2025_138.pdf;;;
Organización comunitaria funcional;CLUB ADULTO MAYOR LAS HUELLAS;28-10-2025;14:30 HORAS;SEDE LAS HUELLAS;https://www.muniloslagos.cl/documentos/2025/elecciones/comunicacion/eleccion_2025_139.pdf;https://www.muniloslagos.cl/documentos/2025/elecciones/resultado/resultado_2025_139.pdf;;;
Organización comunitaria funcional;GUATITA DE DELANTAL LOS LAGOS;25-10-2025;13:00 HORAS;SEDE ESTACION;https://www.muniloslagos.cl/documentos/2025/elecciones/comunicacion/eleccion_2025_140.pdf;https://www.muniloslagos.cl/documentos/2025/elecciones/resultado/resultado_2025_140.pdf;;;
Organización comunitaria funcional;ELECCIÓN DE AGRUPACIÓN HILOS DE AMISTAD;29-10-2025;15:00 HORAS;SEDE JJ VV LA NEVADA;https://www.muniloslagos.cl/documentos/2025/elecciones/comunicacion/eleccion_2025_141.pdf;https://www.muniloslagos.cl/documentos/2025/elecciones/resultado/resultado_2025_141.pdf;;;
Organización comunitaria funcional;ELECCIÓN DE CLUB DEPORTIVO MORTAL BIKE;01-11-2025;16:00 HORAS;RAMON VALVERDE;https://www.muniloslagos.cl/documentos/2025/elecciones/comunicacion/eleccion_2025_142.pdf;https://www.muniloslagos.cl/documentos/2025/elecciones/resultado/resultado_2025_142.pdf;;;
Junta de vecinos;ELECCIÓN DE JUNTA DE VECINOS TOMEN;09-11-2025;10:00 HORAS;SEDE VECINA TOMEN;https://www.muniloslagos.cl/documentos/2025/elecciones/comunicacion/eleccion_2025_143.pdf;https://www.muniloslagos.cl/documentos/2025/elecciones/resultado/resultado_2025_143.pdf;;;
Junta de vecinos;ELECCIÓN DE JUNTA DE VECINOS ANTILHUE;15-11-2025;10:00 HORAS;SEDE COMUNITARIA ANTILHUE;https://www.muniloslagos.cl/documentos/2025/elecciones/comunicacion/eleccion_2025_144.pdf;https://www.muniloslagos.cl/documentos/2025/elecciones/resultado/resultado_2025_144.pdf;;;
Organización comunitaria funcional;ELECCION DE CLUB DE CICLISMO DESCENSO ADRDH;01-12-2025;19:00 HORAS;SEDE JJ VV COLLILELFU;https://www.muniloslagos.cl/documentos/2025/elecciones/comunicacion/eleccion_2025_145.pdf;https://www.muniloslagos.cl/documentos/2025/elecciones/resultado/resultado_2025_145.pdf;;;
Organización comunitaria funcional;ELECCIÓN DE COMITE DE VIVIENDA VILLA AITUE;08-11-2025;15:00 HORAS;POBLACION LOS PINOS VILLA LOS BAJOS;https://www.muniloslagos.cl/documentos/2025/elecciones/comunicacion/eleccion_2025_146.pdf;;;;
Organización comunitaria funcional;COMITÉ DE AGUA POTABLE RURAL LAS HUELLAS;08-11-2025;10:00 HORAS;SED COMUNITARIA LAS HUELLAS;https://www.muniloslagos.cl/documentos/2025/elecciones/comunicacion/eleccion_2025_147.pdf;https://www.muniloslagos.cl/documentos/2025/elecciones/resultado/resultado_2025_147.pdf;;;
Junta de vecinos;JUNTA DE VECINOS EQUIL;15-11-2025;10:00 HORAS;PASAJE LAS PIEDRAS S/N;https://www.muniloslagos.cl/documentos/2025/elecciones/comunicacion/eleccion_2025_148.pdf;https://www.muniloslagos.cl/documentos/2025/elecciones/resultado/resultado_2025_148.pdf;;;
Organización comunitaria funcional;UNION COMUNAL DE ADULTOS MAYORES;11-11-2025;12:00 HORAS;SEDE UCAM;https://www.muniloslagos.cl/documentos/2025/elecciones/comunicacion/eleccion_2025_149.pdf;https://www.muniloslagos.cl/documentos/2025/elecciones/resultado/resultado_2025_149.pdf;;;
Organización comunitaria funcional;COMITÉ DE MEJORAMIENTO DE VIVIENDA COSTANERA LOS LAGOS;14-11-2025;19:00 HORAS;CALLE ELIAS HARCHA 34;https://www.muniloslagos.cl/documentos/2025/elecciones/comunicacion/eleccion_2025_150.pdf;https://www.muniloslagos.cl/documentos/2025/elecciones/resultado/resultado_2025_150.pdf;;;
Organización comunitaria funcional;COMITÉ DE SALUD MANUEL MIRANDA;17-11-2025;15:00 HORAS;SEDE VILLA LOS AROMOS;https://www.muniloslagos.cl/documentos/2025/elecciones/comunicacion/eleccion_2025_151.pdf;https://www.muniloslagos.cl/documentos/2025/elecciones/resultado/resultado_2025_151.pdf;;;
Organización comunitaria funcional;CLUB DE ADULTO Y ADULTOS MAYORES SECTOR HOSPITAL;12-11-2025;15:00 HORAS;SEDE JJ VV HOSPITAL;https://www.muniloslagos.cl/documentos/2025/elecciones/comunicacion/eleccion_2025_152.pdf;https://www.muniloslagos.cl/documentos/2025/elecciones/resultado/resultado_2025_152.pdf;;;
Junta de vecinos;ELECCIÓN DE JUNTA DE VECINOS QUILMES;14-11-2025;18:30 HORAS;SEDE QUILME;https://www.muniloslagos.cl/documentos/2025/elecciones/comunicacion/eleccion_2025_153.pdf;;;;
Organización comunitaria funcional;AGRUPACIÓN DE MUJERES SEMBRADORAS DE ESPERANZA;18-11-2025;17:00 HORAS;SEDE VILLA LOS AROMOS;https://www.muniloslagos.cl/documentos/2025/elecciones/comunicacion/eleccion_2025_154.pdf;https://www.muniloslagos.cl/documentos/2025/elecciones/resultado/resultado_2025_154.pdf;;;
Organización comunitaria funcional;COMITE DE MEJORAMIENTO DE VIVIENDA EL REFUGIO SECTOR HOSPITAL;19-11-2025;09:00 HORAS;DEPENDENCIAS MADERA TOMECO;https://www.muniloslagos.cl/documentos/2025/elecciones/comunicacion/eleccion_2025_155.pdf;https://www.muniloslagos.cl/documentos/2025/elecciones/resultado/resultado_2025_155.pdf;;;
Junta de vecinos;JUNTA DE VECINOS COMUNIDAD AGRO MANQUELAF;18-11-2025;16:00 HORAS;SEDE JUNTA DE VECINOS;https://www.muniloslagos.cl/documentos/2025/elecciones/comunicacion/eleccion_2025_156.pdf;https://www.muniloslagos.cl/documentos/2025/elecciones/resultado/resultado_2025_156.pdf;;;
Organización comunitaria funcional;COMITE DE MEJORAMIENTO Y DESARROLLO DEL SECTOR EQUIL;21-11-2025;19:00 HORAS;PASAJE LAS PIEDRAS;https://www.muniloslagos.cl/documentos/2025/elecciones/comunicacion/eleccion_2025_157.pdf;https://www.muniloslagos.cl/documentos/2025/elecciones/resultado/resultado_2025_157.pdf;;;
Organización comunitaria funcional;CENTRO DE PADRES Y APODERADOS ESCUELA NUEVA ESPAŃA;25-11-2025;08:30 HORAS;ESCUELA NUEVA ESPAŃA;https://www.muniloslagos.cl/documentos/2025/elecciones/comunicacion/eleccion_2025_158.pdf;;;;
Organización comunitaria funcional;COMITÉ DE AGUA POTABLE RURAL EL TREBOL;23-11-2025;09:30 HORAS;SEDE EL TREBOL;https://www.muniloslagos.cl/documentos/2025/elecciones/comunicacion/eleccion_2025_159.pdf;https://www.muniloslagos.cl/documentos/2025/elecciones/resultado/resultado_2025_159.pdf;;;
Organización comunitaria funcional;CENTRO GENERAL DE PADRES Y APODERADOS PATAGONIA;25-11-2025;14:00 HORAS;COLEGIO PATAGONIA;https://www.muniloslagos.cl/documentos/2025/elecciones/comunicacion/eleccion_2025_160.pdf;https://www.muniloslagos.cl/documentos/2025/elecciones/resultado/resultado_2025_160.pdf;;;
Junta de vecinos;JUNTA DE VECINOS VILLA LOS RIOS;29-11-2025;10:00:00 HORAS;SEDE COMUNITARIA VILLA LOS RIOS;https://www.muniloslagos.cl/documentos/2025/elecciones/comunicacion/eleccion_2025_161.pdf;;;;
Organización comunitaria funcional;AGRUPACION CULTURAL DE FUNCIONARIOS HOSPITAL LOS LAGOS;26-11-2025;8:00:00 HORAS;HOSPITAL LOS LAGOS;https://www.muniloslagos.cl/documentos/2025/elecciones/comunicacion/eleccion_2025_162.pdf;;;;
Organización comunitaria funcional;COMITÉ DE MEJORAMIENTO RIO SAN PEDRO;23-11-2025;12:40:00 HORAS;SEDE CULTURAL VILLA LOS AROMOS;https://www.muniloslagos.cl/documentos/2025/elecciones/comunicacion/eleccion_2025_163.pdf;https://www.muniloslagos.cl/documentos/2025/elecciones/resultado/resultado_2025_163.pdf;;;
Organización comunitaria funcional;ADULTO MAYOR VIDA HERMOSA;25-11-2025;10:00:00 HORAS;SEDE UCAM;https://www.muniloslagos.cl/documentos/2025/elecciones/comunicacion/eleccion_2025_164.pdf;https://www.muniloslagos.cl/documentos/2025/elecciones/resultado/resultado_2025_164.pdf;;;
Organización comunitaria funcional;AGRUPACION DE ADULTO MAYOR EL TREBOL;25-11-2025;10:00:00 HORAS;SEDE SECTOR EL TREBOL;https://www.muniloslagos.cl/documentos/2025/elecciones/comunicacion/eleccion_2025_165.pdf;https://www.muniloslagos.cl/documentos/2025/elecciones/resultado/resultado_2025_165.pdf;;;
Organización comunitaria funcional;CENTRO GENERAL DE PADRES Y APODERADOS JARDIN INFANTIL PASITOS DEL FUTURO;26-11-2025;15:00:00 HORAS;JARDIN INFANTIL PASITOS DEL FUTURO;https://www.muniloslagos.cl/documentos/2025/elecciones/comunicacion/eleccion_2025_166.pdf;https://www.muniloslagos.cl/documentos/2025/elecciones/resultado/resultado_2025_166.pdf;;;
Organización comunitaria funcional;AGRUPACION DE PERSONAS CON DISCAPACIDAD LOS LAGOS;09-12-2025;17:00:00 HORAS;LINCH #42;https://www.muniloslagos.cl/documentos/2025/elecciones/comunicacion/eleccion_2025_167.pdf;;;;
Organización comunitaria funcional;GUATITA DE DELANTAL LOS LAGOS;06-12-2025;13:00:00 HORAS;SEDE ESTACION;https://www.muniloslagos.cl/documentos/2025/elecciones/comunicacion/eleccion_2025_168.pdf;https://www.muniloslagos.cl/documentos/2025/elecciones/resultado/resultado_2025_168.pdf;;;
Organización comunitaria funcional;COMITÉ DE SALUD, SALUD Y VIDA SANA;12-12-2025;16:00:00 HORAS;SEDE JJVV HOSPITAL;https://www.muniloslagos.cl/documentos/2025/elecciones/comunicacion/eleccion_2025_169.pdf;;;;
Organización comunitaria funcional;AGRUPACION ADULTO MAYOR RIŃIHUE;12-11-2025;15:00:00 HORAS;SEDE SOCIAL RIŃIHUE;https://www.muniloslagos.cl/documentos/2025/elecciones/comunicacion/eleccion_2025_170.pdf;https://www.muniloslagos.cl/documentos/2025/elecciones/resultado/resultado_2025_170.pdf;;;
Organización comunitaria funcional;COMITÉ DE SALUD USTARITZ;12-12-2025;15:00:00 HORAS;SEDE JJVV USTARITZ;https://www.muniloslagos.cl/documentos/2025/elecciones/comunicacion/eleccion_2025_171.pdf;;;;
Organización comunitaria funcional;CENTRO DE PADRES Y APODERADOS ESCUELA F 155 ANTILHUE;12-12-2025;09:00:00 HORAS;ESCUELA F-155 ANTILHUE;https://www.muniloslagos.cl/documentos/2025/elecciones/comunicacion/eleccion_2025_172.pdf;;;;
Junta de vecinos;JUNTA DE VECINOS LLASCAHUE;25-12-2025;14:00:00 HORAS;SEDE COMUNITARIA LLASCAHUE;https://www.muniloslagos.cl/documentos/2025/elecciones/comunicacion/eleccion_2025_173.pdf;;;;
Organización comunitaria funcional;AGRUPACION ADULTOS MAYORES DE MANQUELAF;27-12-2025;17:00:00 HORAS;MANQUELAF;https://www.muniloslagos.cl/documentos/2025/elecciones/comunicacion/eleccion_2025_174.pdf;;;;
Organización comunitaria funcional;COMITÉ DE AGUA POTABLE RURAL PUCARA;28-12-2025;10:00:00 HORAS;SEDE PUCARA;https://www.muniloslagos.cl/documentos/2025/elecciones/comunicacion/eleccion_2025_175.pdf;;;;
Organización comunitaria funcional;COMITÉ DE ADELANTO PARQUE RIŃIHUE;01-03-2026;10:00:00 HORAS;PARQUE RIŃIHUE;https://www.muniloslagos.cl/documentos/2025/elecciones/comunicacion/eleccion_2025_176.pdf;;;;
